{"stats":{"minecraft:killed":{"zombie_extreme:crawler":1,"minecraft:husk":4,"minecraft:pig":2,"undead_revamp2:thesmoker":2,"minecraft:zombie":6,"zombie_extreme:runner":3},"minecraft:killed_by":{"minecraft:zombie":1,"undead_revamp2:thesmoker":1,"zombiemobs:zombie_bear":1},"minecraft:used":{"minecraft:stone_sword":5,"minecraft:stone_pickaxe":65,"minecraft:wooden_pickaxe":3,"biomesoplenty:bramble":1,"create_sa:copper_pickaxe":41,"create_sa:copper_axe":8,"minecraft:crafting_table":3,"create_sa:copper_helmet":1,"minecraft:white_bed":2,"create_sa:copper_leggings":1,"biomesoplenty:umbran_planks":1,"minecraft:apple":3,"minecraft:bread":7,"create_sa:copper_sword":70,"minecraft:stone_axe":1,"chalk:red_chalk":53,"minecraft:potion":7,"minecraft:furnace":4,"chalk:blue_chalk":8,"biomesoplenty:umbran_boat":1},"minecraft:crafted":{"minecraft:cooked_porkchop":2,"minecraft:copper_ingot":55,"minecraft:stone_axe":1,"minecraft:air":174,"minecraft:stick":8,"create_sa:copper_sword":1,"minecraft:torch":4,"create_sa:copper_axe":1},"minecraft:custom":{"minecraft:interact_with_furnace":16,"lootr:looted_stat":3,"minecraft:mob_kills":20,"minecraft:interact_with_crafting_table":15,"minecraft:damage_dealt_resisted":88,"minecraft:leave_game":1,"minecraft:time_since_death":0,"minecraft:sleep_in_bed":3,"minecraft:climb_one_cm":958,"minecraft:time_since_rest":2173,"minecraft:sprint_one_cm":107232,"minecraft:damage_taken":927,"minecraft:walk_one_cm":110008,"minecraft:drop":7,"minecraft:damage_dealt":3137,"minecraft:swim_one_cm":2479,"minecraft:fly_one_cm":346952,"minecraft:player_kills":1,"minecraft:open_chest":3,"minecraft:crouch_one_cm":2247,"minecraft:play_time":51036,"minecraft:deaths":3,"minecraft:sneak_time":1258,"minecraft:walk_under_water_one_cm":286,"minecraft:boat_one_cm":416,"minecraft:jump":834,"minecraft:walk_on_water_one_cm":2304,"minecraft:total_world_time":51036,"minecraft:fall_one_cm":19141},"minecraft:broken":{"minecraft:stone_axe":1},"minecraft:dropped":{"minecraft:wheat":3,"minecraft:copper_ingot":2,"minecraft:stick":17,"minecraft:leather_chestplate":1,"minecraft:wooden_pickaxe":2},"minecraft:mined":{"zombie_extreme:ore_aluminum":3,"minecraft:white_bed":3,"minecraft:oak_sapling":1,"minecraft:crafting_table":1,"biomesoplenty:umbran_planks":1,"biomesoplenty:bramble":60,"minecraft:grass_block":1,"minecraft:copper_ore":30,"minecraft:hay_block":33,"minecraft:furnace":4,"biomesoplenty:fir_log":3,"biomesoplenty:clover":1,"minecraft:coal_ore":34,"minecraft:cobweb":4,"minecraft:stone":37,"minecraft:oak_leaves":4},"minecraft:picked_up":{"minecraft:crafting_table":1,"minecraft:wheat":7,"biomesoplenty:fir_log":8,"minecraft:oak_log":12,"minecraft:string":30,"minecraft:raw_copper":119,"apocalypsenow:human_flesh":1,"tac:9mm_round":1,"biomesoplenty:umbran_log":121,"minecraft:furnace":4,"zombie_extreme:raw_aluminum":3,"minecraft:stick":22,"minecraft:copper_ingot":8,"biomesoplenty:umbran_planks":1,"minecraft:porkchop":2,"minecraft:white_bed":3,"biomesoplenty:bramble":59,"minecraft:rotten_flesh":10,"biomesoplenty:umbran_sapling":22,"minecraft:hay_block":32,"minecraft:oak_sapling":4,"minecraft:coal":80,"minecraft:cobblestone":34}},"DataVersion":2975}