{"stats":{"minecraft:killed":{"minecraft:husk":2,"minecraft:zombie":1,"zombie_extreme:runner":2},"minecraft:killed_by":{"minecraft:husk":1,"zombie_extreme:runner":2,"undead_revamp2:thesmoker":1,"undead_revamp2:clogger":3},"minecraft:used":{"minecraft:water_bucket":18,"minecraft:glass_bottle":8,"minecraft:stone_pickaxe":62,"minecraft:wooden_pickaxe":9,"minecraft:torch":16,"minecraft:crafting_table":3,"minecraft:wooden_axe":8,"minecraft:iron_axe":5,"minecraft:iron_pickaxe":20,"zombie_extreme:syringe_drug":1,"zombie_extreme:pipe":43,"minecraft:potion":8,"minecraft:furnace":1,"minecraft:bucket":19,"minecraft:cobbled_deepslate":12,"minecraft:cobweb":8},"minecraft:crafted":{"minecraft:crafting_table":1,"minecraft:furnace":1,"minecraft:bucket":1,"minecraft:air":72,"biomesoplenty:fir_planks":4,"minecraft:iron_axe":1,"minecraft:stick":4,"minecraft:iron_ingot":9,"minecraft:iron_pickaxe":1,"minecraft:stone_pickaxe":1,"minecraft:wooden_axe":1,"minecraft:shears":1},"minecraft:custom":{"lootr:looted_stat":4,"minecraft:interact_with_furnace":4,"minecraft:mob_kills":5,"minecraft:interact_with_crafting_table":5,"minecraft:open_barrel":7,"minecraft:time_since_death":973,"minecraft:damage_resisted":88,"minecraft:climb_one_cm":3400,"minecraft:time_since_rest":1010,"minecraft:sprint_one_cm":202735,"minecraft:damage_taken":1814,"minecraft:walk_one_cm":140771,"minecraft:drop":1,"minecraft:damage_dealt":1656,"minecraft:swim_one_cm":2074,"minecraft:fly_one_cm":280821,"minecraft:open_chest":3,"minecraft:crouch_one_cm":1096,"minecraft:play_time":55220,"minecraft:deaths":10,"minecraft:sneak_time":463,"minecraft:walk_under_water_one_cm":21747,"minecraft:jump":1346,"minecraft:walk_on_water_one_cm":31736,"minecraft:total_world_time":55220,"minecraft:fall_one_cm":36313},"minecraft:broken":{"minecraft:leather_chestplate":1},"minecraft:mined":{"minecraft:deepslate_redstone_ore":2,"minecraft:crafting_table":3,"minecraft:torch":11,"minecraft:granite":1,"minecraft:wall_torch":3,"minecraft:furnace":1,"minecraft:iron_ore":15,"minecraft:cobbled_deepslate":2,"minecraft:lilac":1,"zombie_extreme:ore_steel":2,"biomesoplenty:fir_log":3,"minecraft:grass":2,"minecraft:coal_ore":9,"zombie_extreme:oil_shale_sand":5,"minecraft:deepslate_iron_ore":7,"biomesoplenty:fir_leaves":1,"minecraft:cobweb":9,"biomesoplenty:fir_sapling":1,"biomesoplenty:redwood_sapling":1,"minecraft:stone":17,"immersiveengineering:ore_aluminum":15,"minecraft:deepslate":15,"minecraft:fern":2},"minecraft:dropped":{"biomesoplenty:fir_log":3},"minecraft:picked_up":{"biomesoplenty:redwood_log":14,"minecraft:crafting_table":3,"minecraft:lilac":1,"biomesoplenty:fir_sapling":8,"biomesoplenty:fir_log":22,"minecraft:string":17,"zombie_extreme:raw_steel":2,"minecraft:bone":4,"apocalypsenow:human_flesh":8,"minecraft:cobbled_deepslate":17,"minecraft:iron_ingot":2,"tac:9mm_round":1,"zombie_extreme:oil_shale":5,"minecraft:furnace":1,"minecraft:stick":14,"minecraft:raw_iron":33,"minecraft:torch":16,"immersiveengineering:raw_aluminum":15,"minecraft:redstone":9,"minecraft:rotten_flesh":2,"immersiveengineering:seed":1,"minecraft:granite":1,"biomesoplenty:redwood_sapling":1,"rocks:cobblestone_splitter":1,"minecraft:coal":16,"minecraft:white_wool":10,"minecraft:cobblestone":17}},"DataVersion":2975}