{"stats":{"minecraft:crafted":{"minecraft:air":18},"minecraft:killed":{"minecraft:horse":2,"minecraft:husk":1,"minecraft:zombie":5,"undead_revamp2:thesmoker":3},"minecraft:killed_by":{"undead_revamp2:thesmoker":1,"zombiemobs:zombie_donkey":1,"minecraft:zombie":1},"minecraft:dropped":{"rocks:cobblestone_splitter":1,"apocalypsenow:cleaver":1,"minecraft:grass_block":1},"minecraft:used":{"apocalypsenow:kitchen_knife":19,"minecraft:grass_block":15,"minecraft:bread":4,"minecraft:wooden_pickaxe":12,"minecraft:iron_sword":7,"zombie_extreme:wrench":12,"apocalypsenow:dagger":29,"minecraft:diamond_sword":19,"apocalypsenow:red_football_armor_leggings":1,"minecraft:wooden_sword":8,"minecraft:dirt":3,"minecraft:potion":6,"apocalypsenow:construction_helmet":1,"minecraft:crafting_table":1,"zombie_extreme:modern_axe":22,"undead_revamp2:arapholia":1},"minecraft:picked_up":{"minecraft:birch_log":3,"minecraft:stick":2,"minecraft:leather":1,"minecraft:grass_block":1,"minecraft:dirt":7,"embellishcraft:gneiss_large_bricks_wall":3,"apocalypsenow:red_football_armor_leggings":1,"minecraft:rotten_flesh":6,"immersiveengineering:seed":1,"minecraft:stone_bricks":3,"apocalypsenow:cleaver":1,"apocalypsenow:construction_helmet":1,"minecraft:bricks":2,"undead_revamp2:arapholia":1,"rocks:cobblestone_splitter":1,"minecraft:sunflower":1},"minecraft:custom":{"minecraft:time_since_rest":13386,"minecraft:interact_with_smithing_table":1,"lootr:looted_stat":12,"minecraft:sprint_one_cm":104270,"minecraft:damage_taken":1916,"minecraft:walk_one_cm":135751,"minecraft:mob_kills":11,"minecraft:drop":3,"minecraft:damage_dealt":5630,"minecraft:interact_with_crafting_table":1,"minecraft:interact_with_cartography_table":1,"minecraft:fly_one_cm":431426,"minecraft:freezer_opened":3,"minecraft:open_barrel":20,"minecraft:crouch_one_cm":1507,"minecraft:walk_under_water_one_cm":532,"minecraft:play_time":38317,"minecraft:deaths":4,"minecraft:sneak_time":388,"minecraft:damage_dealt_resisted":64,"minecraft:jump":744,"minecraft:leave_game":1,"minecraft:walk_on_water_one_cm":2334,"minecraft:time_since_death":13362,"minecraft:sleep_in_bed":1,"minecraft:total_world_time":47271,"minecraft:climb_one_cm":4596,"minecraft:fall_one_cm":19837},"minecraft:mined":{"undead_revamp2:arapholia":1,"minecraft:birch_log":4,"minecraft:grass":7,"minecraft:grass_block":4,"minecraft:sunflower":3,"minecraft:dirt":2,"embellishcraft:gneiss_large_bricks_wall":3,"minecraft:tall_grass":1,"minecraft:stone_bricks":3,"rocks:rock":1,"minecraft:bricks":2,"create:dark_oak_window_pane":4}},"DataVersion":2975}