{"stats":{"minecraft:killed":{"zombie_extreme:crawler":1,"zombiemobs:zombie_horsee":1,"minecraft:husk":3,"zombiemobs:zombie_donkey":1,"zombiemobs:zombie_chicken":2,"zombiemobs:zombie_sheep":1,"undead_revamp2:thesmoker":2,"zombiemobs:zombie_fox":1,"minecraft:zombie":11,"zombie_extreme:runner":4,"zombiemobs:zombie_bear":1,"zombiemobs:zombie_cow":1},"minecraft:killed_by":{"minecraft:husk":2,"minecraft:player":1,"minecraft:zombie":1,"undead_revamp2:thesmoker":2,"zombiemobs:zombie_bear":1},"minecraft:used":{"zombie_extreme:fireaxe":31,"zombie_extreme:butcher_knife":25,"minecraft:stone_sword":38,"minecraft:glass_bottle":2,"minecraft:stone_pickaxe":101,"minecraft:wooden_pickaxe":3,"minecraft:cookie":1,"minecraft:torch":10,"zombie_extreme:crowbar":1,"minecraft:crafting_table":4,"zombie_extreme:golf_club":28,"biomesoplenty:umbran_door":2,"biomesoplenty:umbran_planks":198,"minecraft:apple":1,"biomesoplenty:fir_sapling":1,"create_sa:copper_sword":44,"minecraft:spruce_sapling":1,"zombie_extreme:pipe":11,"minecraft:stone_axe":35,"minecraft:potion":3,"minecraft:furnace":2,"quark:oak_chest":4},"minecraft:crafted":{"sophisticatedbackpacks:backpack":1,"minecraft:crafting_table":1,"minecraft:stone":21,"minecraft:air":367,"minecraft:potion":2,"minecraft:stick":2,"quark:oak_chest":1,"apocalypsenow:cooked_human_flesh":6},"minecraft:custom":{"lootr:looted_stat":8,"minecraft:interact_with_furnace":54,"minecraft:mob_kills":27,"minecraft:interact_with_crafting_table":33,"minecraft:open_barrel":12,"minecraft:damage_dealt_resisted":114,"minecraft:leave_game":1,"minecraft:time_since_death":3441,"minecraft:climb_one_cm":135,"minecraft:time_since_rest":3468,"minecraft:damage_taken":1728,"minecraft:sprint_one_cm":93090,"minecraft:walk_one_cm":185542,"minecraft:drop":18,"minecraft:damage_dealt":6890,"minecraft:swim_one_cm":1485,"minecraft:fly_one_cm":149118,"minecraft:open_chest":56,"minecraft:crouch_one_cm":2213,"minecraft:play_time":55154,"minecraft:deaths":9,"minecraft:sneak_time":648,"minecraft:walk_under_water_one_cm":353,"minecraft:jump":702,"minecraft:walk_on_water_one_cm":147,"minecraft:total_world_time":55154,"minecraft:fall_one_cm":14015},"minecraft:broken":{"minecraft:stone_axe":2,"minecraft:leather_chestplate":1},"minecraft:dropped":{"minecraft:oak_planks":7,"zombie_extreme:crowbar":1,"minecraft:pumpkin_seeds":1,"biomesoplenty:umbran_log":128,"rocks:cobblestone_splitter":1,"minecraft:stone_pickaxe":1,"firstaid:plaster":6,"minecraft:string":14},"minecraft:mined":{"rocks:pinecone":5,"minecraft:crafting_table":3,"biomesoplenty:umbran_planks":50,"minecraft:grass_block":10,"minecraft:sugar_cane":2,"rocks:rock":1,"biomesoplenty:umbran_sapling":3,"minecraft:wall_torch":6,"rocks:spruce_stick":1,"minecraft:ice":1,"biomesoplenty:fir_log":4,"minecraft:grass":8,"minecraft:coal_ore":17,"minecraft:cobweb":4,"minecraft:stone":81},"minecraft:picked_up":{"tac:round45":4,"minecraft:wheat":4,"minecraft:crafting_table":3,"minecraft:feather":1,"minecraft:leather":4,"biomesoplenty:fir_sapling":1,"biomesoplenty:fir_log":4,"minecraft:oak_log":6,"zombie_extreme:crowbar":1,"minecraft:string":32,"minecraft:dirt":10,"minecraft:bone":44,"minecraft:wheat_seeds":1,"apocalypsenow:human_flesh":8,"minecraft:sugar_cane":5,"biomesoplenty:umbran_log":576,"minecraft:oak_planks":8,"firstaid:plaster":6,"minecraft:stick":56,"minecraft:copper_ingot":2,"car:canola_seeds":2,"minecraft:torch":4,"biomesoplenty:umbran_planks":45,"minecraft:spruce_sapling":4,"minecraft:pumpkin_seeds":1,"minecraft:rotten_flesh":31,"immersiveengineering:seed":3,"biomesoplenty:umbran_sapling":119,"minecraft:bread":2,"minecraft:coal":17,"rocks:cobblestone_splitter":1,"minecraft:cobblestone":83}},"DataVersion":2975}